uniqueid,media.id,rel_path,media.title,model_1,model_1_content,model_2,model_2_content
m94775_google/gemini-2.5-flash-lite_mistralai/pixtral-12b,m94775,images/m94775.jpg,"‹Merkwürdige Seltenheit›, Illustration zu einer Anzeige in den ‹Wöchentlichen Nach­richten › vom 30. Oktober 1834",google/gemini-2.5-flash-lite,"Merkwürdiger Afrikaner von den Ashantées, ausgestellt während der Herbstmesse in Basel.",mistralai/pixtral-12b,"Illustration zu einer Anzeige in den ""Wöchentlichen Nachrichten"" vom 30. Oktober 1834. Ankündigung eines ""Afrikaners von der kriegerischen Nation der Ashantées"" an der Herbstmesse."
m94775_openai/gpt-4o-mini_google/gemini-2.5-flash-lite,m94775,images/m94775.jpg,"‹Merkwürdige Seltenheit›, Illustration zu einer Anzeige in den ‹Wöchentlichen Nach­richten › vom 30. Oktober 1834",openai/gpt-4o-mini,"Illustration für die Anzeige einer ""Merkwürdigen Seltenheit"" in den Wöchentlichen Nachrichten vom 30. Oktober 1834. Es wird ein ""Afrikaner der Ashantées"" für eine Ausstellung während der Herbstmesse angekündigt. Darunter eine Abbildung des Afrikaners in traditioneller Kleidung mit einem Speer.",google/gemini-2.5-flash-lite,"Merkwürdiger Afrikaner von den Ashantées, ausgestellt während der Herbstmesse in Basel."
m94775_meta-llama/llama-4-maverick_google/gemini-2.5-flash-lite,m94775,images/m94775.jpg,"‹Merkwürdige Seltenheit›, Illustration zu einer Anzeige in den ‹Wöchentlichen Nach­richten › vom 30. Oktober 1834",meta-llama/llama-4-maverick,Zeitungsannonce von 1834 mit Illustration eines Ashanti-Kriegers mit Speer und Schild in traditioneller Kleidung.,google/gemini-2.5-flash-lite,"Merkwürdiger Afrikaner von den Ashantées, ausgestellt während der Herbstmesse in Basel."
m94775_mistralai/pixtral-12b_openai/gpt-4o-mini,m94775,images/m94775.jpg,"‹Merkwürdige Seltenheit›, Illustration zu einer Anzeige in den ‹Wöchentlichen Nach­richten › vom 30. Oktober 1834",mistralai/pixtral-12b,"Illustration zu einer Anzeige in den ""Wöchentlichen Nachrichten"" vom 30. Oktober 1834. Ankündigung eines ""Afrikaners von der kriegerischen Nation der Ashantées"" an der Herbstmesse.",openai/gpt-4o-mini,"Illustration für die Anzeige einer ""Merkwürdigen Seltenheit"" in den Wöchentlichen Nachrichten vom 30. Oktober 1834. Es wird ein ""Afrikaner der Ashantées"" für eine Ausstellung während der Herbstmesse angekündigt. Darunter eine Abbildung des Afrikaners in traditioneller Kleidung mit einem Speer."
m94775_mistralai/pixtral-12b_meta-llama/llama-4-maverick,m94775,images/m94775.jpg,"‹Merkwürdige Seltenheit›, Illustration zu einer Anzeige in den ‹Wöchentlichen Nach­richten › vom 30. Oktober 1834",mistralai/pixtral-12b,"Illustration zu einer Anzeige in den ""Wöchentlichen Nachrichten"" vom 30. Oktober 1834. Ankündigung eines ""Afrikaners von der kriegerischen Nation der Ashantées"" an der Herbstmesse.",meta-llama/llama-4-maverick,Zeitungsannonce von 1834 mit Illustration eines Ashanti-Kriegers mit Speer und Schild in traditioneller Kleidung.
m94775_openai/gpt-4o-mini_meta-llama/llama-4-maverick,m94775,images/m94775.jpg,"‹Merkwürdige Seltenheit›, Illustration zu einer Anzeige in den ‹Wöchentlichen Nach­richten › vom 30. Oktober 1834",openai/gpt-4o-mini,"Illustration für die Anzeige einer ""Merkwürdigen Seltenheit"" in den Wöchentlichen Nachrichten vom 30. Oktober 1834. Es wird ein ""Afrikaner der Ashantées"" für eine Ausstellung während der Herbstmesse angekündigt. Darunter eine Abbildung des Afrikaners in traditioneller Kleidung mit einem Speer.",meta-llama/llama-4-maverick,Zeitungsannonce von 1834 mit Illustration eines Ashanti-Kriegers mit Speer und Schild in traditioneller Kleidung.
m27909_1_mistralai/pixtral-12b_google/gemini-2.5-flash-lite,m27909_1,images/m27909_1.jpg,Verbreitung der Latènekultur,mistralai/pixtral-12b,"Verbreitung der Latènekultur in Europa vom 4. bis 1. Jahrhundert v. Chr. Gelb schattierte Region, rote Punkte markieren Fundorte.",google/gemini-2.5-flash-lite,Karte der Verbreitung der Latènekultur in Europa vom 4. bis 1. Jahrhundert v. Chr. mit Fundorten auf der Karte markiert.
m27909_1_google/gemini-2.5-flash-lite_openai/gpt-4o-mini,m27909_1,images/m27909_1.jpg,Verbreitung der Latènekultur,google/gemini-2.5-flash-lite,Karte der Verbreitung der Latènekultur in Europa vom 4. bis 1. Jahrhundert v. Chr. mit Fundorten auf der Karte markiert.,openai/gpt-4o-mini,"Karte zur Verbreitung der Latènekultur in Europa zwischen dem 4. und 1. Jahrhundert v. Chr. Gelber Bereich zeigt den kulturhistorischen Raum, während rote Punkte archäologische Fundstätten markieren. Regionen weisen spezifische Unterschiede auf."
m27909_1_meta-llama/llama-4-maverick_google/gemini-2.5-flash-lite,m27909_1,images/m27909_1.jpg,Verbreitung der Latènekultur,meta-llama/llama-4-maverick,"Verbreitung der Latènekultur in Europa vom 4. bis 1. Jahrhundert v. Chr., markiert durch orange Färbung und rote Punkte. Eingetragen sind wichtige Orte wie Basel, Marseille, Rom und Delphi.",google/gemini-2.5-flash-lite,Karte der Verbreitung der Latènekultur in Europa vom 4. bis 1. Jahrhundert v. Chr. mit Fundorten auf der Karte markiert.
m27909_1_openai/gpt-4o-mini_mistralai/pixtral-12b,m27909_1,images/m27909_1.jpg,Verbreitung der Latènekultur,openai/gpt-4o-mini,"Karte zur Verbreitung der Latènekultur in Europa zwischen dem 4. und 1. Jahrhundert v. Chr. Gelber Bereich zeigt den kulturhistorischen Raum, während rote Punkte archäologische Fundstätten markieren. Regionen weisen spezifische Unterschiede auf.",mistralai/pixtral-12b,"Verbreitung der Latènekultur in Europa vom 4. bis 1. Jahrhundert v. Chr. Gelb schattierte Region, rote Punkte markieren Fundorte."
m27909_1_mistralai/pixtral-12b_meta-llama/llama-4-maverick,m27909_1,images/m27909_1.jpg,Verbreitung der Latènekultur,mistralai/pixtral-12b,"Verbreitung der Latènekultur in Europa vom 4. bis 1. Jahrhundert v. Chr. Gelb schattierte Region, rote Punkte markieren Fundorte.",meta-llama/llama-4-maverick,"Verbreitung der Latènekultur in Europa vom 4. bis 1. Jahrhundert v. Chr., markiert durch orange Färbung und rote Punkte. Eingetragen sind wichtige Orte wie Basel, Marseille, Rom und Delphi."
m27909_1_meta-llama/llama-4-maverick_openai/gpt-4o-mini,m27909_1,images/m27909_1.jpg,Verbreitung der Latènekultur,meta-llama/llama-4-maverick,"Verbreitung der Latènekultur in Europa vom 4. bis 1. Jahrhundert v. Chr., markiert durch orange Färbung und rote Punkte. Eingetragen sind wichtige Orte wie Basel, Marseille, Rom und Delphi.",openai/gpt-4o-mini,"Karte zur Verbreitung der Latènekultur in Europa zwischen dem 4. und 1. Jahrhundert v. Chr. Gelber Bereich zeigt den kulturhistorischen Raum, während rote Punkte archäologische Fundstätten markieren. Regionen weisen spezifische Unterschiede auf."
m30203_1_1_mistralai/pixtral-12b_google/gemini-2.5-flash-lite,m30203_1_1,images/m30203_1_1.jpg,Fundstellen der Spätantike im Umland von Basel,mistralai/pixtral-12b,"Karte zeigt Siedlungslandschaft um Kaiseraugst, 3.-4. Jahrhundert n. Chr. Wichtige Fundstellen wie Breisach, Oedenburg-Biesheim und Kembs markiert.",google/gemini-2.5-flash-lite,Karte der Fundstellen der Spätantike im Umland von Basel. Zeigt Siedlungen des 3. und 4. Jahrhunderts n. Chr. rund um das Kastell Kaiseraugst.
m30203_1_1_google/gemini-2.5-flash-lite_openai/gpt-4o-mini,m30203_1_1,images/m30203_1_1.jpg,Fundstellen der Spätantike im Umland von Basel,google/gemini-2.5-flash-lite,Karte der Fundstellen der Spätantike im Umland von Basel. Zeigt Siedlungen des 3. und 4. Jahrhunderts n. Chr. rund um das Kastell Kaiseraugst.,openai/gpt-4o-mini,"Karte der Fundstellen der Spätantike im Umland von Basel. Markiert sind bekannte archäologische Standorte aus dem späten 3. und 4. Jahrhundert n. Chr. im Umfeld des Kastells Kaiseraugst. Geografische Merkmale und die Verteilung der Fundorte sind verzeichnet, mit Distanzangaben in Kilometern."
m30203_1_1_google/gemini-2.5-flash-lite_meta-llama/llama-4-maverick,m30203_1_1,images/m30203_1_1.jpg,Fundstellen der Spätantike im Umland von Basel,google/gemini-2.5-flash-lite,Karte der Fundstellen der Spätantike im Umland von Basel. Zeigt Siedlungen des 3. und 4. Jahrhunderts n. Chr. rund um das Kastell Kaiseraugst.,meta-llama/llama-4-maverick,"Fundstellen der Spätantike um Basel, 3./4. Jh. n. Chr. Kartiert: Siedlungen, Kastelle, Straßen. Gebiet: Basel bis Breisach und Solothurn."
m30203_1_1_openai/gpt-4o-mini_mistralai/pixtral-12b,m30203_1_1,images/m30203_1_1.jpg,Fundstellen der Spätantike im Umland von Basel,openai/gpt-4o-mini,"Karte der Fundstellen der Spätantike im Umland von Basel. Markiert sind bekannte archäologische Standorte aus dem späten 3. und 4. Jahrhundert n. Chr. im Umfeld des Kastells Kaiseraugst. Geografische Merkmale und die Verteilung der Fundorte sind verzeichnet, mit Distanzangaben in Kilometern.",mistralai/pixtral-12b,"Karte zeigt Siedlungslandschaft um Kaiseraugst, 3.-4. Jahrhundert n. Chr. Wichtige Fundstellen wie Breisach, Oedenburg-Biesheim und Kembs markiert."
m30203_1_1_mistralai/pixtral-12b_meta-llama/llama-4-maverick,m30203_1_1,images/m30203_1_1.jpg,Fundstellen der Spätantike im Umland von Basel,mistralai/pixtral-12b,"Karte zeigt Siedlungslandschaft um Kaiseraugst, 3.-4. Jahrhundert n. Chr. Wichtige Fundstellen wie Breisach, Oedenburg-Biesheim und Kembs markiert.",meta-llama/llama-4-maverick,"Fundstellen der Spätantike um Basel, 3./4. Jh. n. Chr. Kartiert: Siedlungen, Kastelle, Straßen. Gebiet: Basel bis Breisach und Solothurn."
m30203_1_1_meta-llama/llama-4-maverick_openai/gpt-4o-mini,m30203_1_1,images/m30203_1_1.jpg,Fundstellen der Spätantike im Umland von Basel,meta-llama/llama-4-maverick,"Fundstellen der Spätantike um Basel, 3./4. Jh. n. Chr. Kartiert: Siedlungen, Kastelle, Straßen. Gebiet: Basel bis Breisach und Solothurn.",openai/gpt-4o-mini,"Karte der Fundstellen der Spätantike im Umland von Basel. Markiert sind bekannte archäologische Standorte aus dem späten 3. und 4. Jahrhundert n. Chr. im Umfeld des Kastells Kaiseraugst. Geografische Merkmale und die Verteilung der Fundorte sind verzeichnet, mit Distanzangaben in Kilometern."
